# ************************************************************
# Sequel Pro SQL dump
# Version 4541
#
# http://www.sequelpro.com/
# https://github.com/sequelpro/sequelpro
#
# Host: sh-cdb-dw5p0dpo.sql.tencentcdb.com (MySQL 5.7.18-txsql-log)
# Database: db_scmj
# Generation Time: 2020-06-04 09:01:22 +0000
# ************************************************************


/*!40101 SET @OLD_CHARACTER_SET_CLIENT=@@CHARACTER_SET_CLIENT */;
/*!40101 SET @OLD_CHARACTER_SET_RESULTS=@@CHARACTER_SET_RESULTS */;
/*!40101 SET @OLD_COLLATION_CONNECTION=@@COLLATION_CONNECTION */;
/*!40101 SET NAMES utf8 */;
/*!40014 SET @OLD_FOREIGN_KEY_CHECKS=@@FOREIGN_KEY_CHECKS, FOREIGN_KEY_CHECKS=0 */;
/*!40101 SET @OLD_SQL_MODE=@@SQL_MODE, SQL_MODE='NO_AUTO_VALUE_ON_ZERO' */;
/*!40111 SET @OLD_SQL_NOTES=@@SQL_NOTES, SQL_NOTES=0 */;


# Dump of table kfd_goods
# ------------------------------------------------------------

DROP TABLE IF EXISTS `kfd_goods`;

CREATE TABLE `kfd_goods` (
  `id` int(10) unsigned NOT NULL AUTO_INCREMENT COMMENT '商品ID',
  `name` varchar(255) NOT NULL DEFAULT '' COMMENT '商品名称',
  `description` varchar(300) NOT NULL DEFAULT '描述' COMMENT '描述',
  `category_id` int(10) unsigned NOT NULL DEFAULT '0' COMMENT '分类id',
  `is_on_sale` tinyint(3) unsigned NOT NULL DEFAULT '1' COMMENT '上架状态 1-上架 0-下架',
  `thumb` text NOT NULL COMMENT '商品缩略图',
  `goods_price` bigint(11) unsigned NOT NULL DEFAULT '0' COMMENT '商品价格',
  `market_price` bigint(11) unsigned NOT NULL DEFAULT '0' COMMENT '市场价格',
  `sells_num` int(10) unsigned NOT NULL DEFAULT '0' COMMENT '销售数',
  `comments_num` int(10) unsigned NOT NULL DEFAULT '0' COMMENT '评价数',
  `favorites_num` int(10) unsigned NOT NULL DEFAULT '0' COMMENT '收藏数',
  `is_hot` tinyint(1) NOT NULL DEFAULT '0' COMMENT '推荐，首页显示',
  `goods_sort` int(10) NOT NULL COMMENT '排序字段',
  `inventory` int(10) unsigned NOT NULL DEFAULT '0',
  `visible` tinyint(1) unsigned NOT NULL DEFAULT '1' COMMENT '是否显示 1-是 0-否',
  `create_time` datetime NOT NULL DEFAULT CURRENT_TIMESTAMP COMMENT '创建时间',
  `update_time` datetime NOT NULL DEFAULT CURRENT_TIMESTAMP ON UPDATE CURRENT_TIMESTAMP COMMENT '更新时间',
  `goods_sn` varchar(22) NOT NULL,
  PRIMARY KEY (`id`)
) ENGINE=InnoDB DEFAULT CHARSET=utf8 COMMENT='商品表';

LOCK TABLES `kfd_goods` WRITE;
/*!40000 ALTER TABLE `kfd_goods` DISABLE KEYS */;

INSERT INTO `kfd_goods` (`id`, `name`, `description`, `category_id`, `is_on_sale`, `thumb`, `goods_price`, `market_price`, `sells_num`, `comments_num`, `favorites_num`, `is_hot`, `goods_sort`, `inventory`, `visible`, `create_time`, `update_time`, `goods_sn`)
VALUES
	(1,'七天六晚不一样的“疫”样的时光','七天六晚不一样的“疫”样的时光',1,1,'https://file-1259574925.cos.ap-shanghai.myqcloud.com/nste-img/201911/5523231269812338_640-1.jpeg',1800,2000,0,1,1,1,1,1,11,'2020-06-02 23:09:58','2020-06-04 15:54:54','1'),
	(2,'三峡大坝一日游','1天1晚不一样的“疫”样的时光',1,1,'https://file-1259574925.cos.ap-shanghai.myqcloud.com/nste-img/201911/5523231269812338_640-1.jpeg',800,1000,0,1,1,1,1,1,11,'2020-06-02 23:09:58','2020-06-04 15:54:54','1');

/*!40000 ALTER TABLE `kfd_goods` ENABLE KEYS */;
UNLOCK TABLES;


# Dump of table kfd_goods_category
# ------------------------------------------------------------

DROP TABLE IF EXISTS `kfd_goods_category`;

CREATE TABLE `kfd_goods_category` (
  `id` int(10) unsigned NOT NULL AUTO_INCREMENT COMMENT 'ID',
  `name` varchar(255) NOT NULL DEFAULT '' COMMENT '名称',
  `sort_id` int(10) NOT NULL COMMENT '排序字段',
  `visible` tinyint(1) unsigned NOT NULL DEFAULT '1' COMMENT '是否显示 1-是 0-否',
  `create_time` datetime NOT NULL DEFAULT CURRENT_TIMESTAMP COMMENT '创建时间',
  `update_time` datetime NOT NULL DEFAULT CURRENT_TIMESTAMP ON UPDATE CURRENT_TIMESTAMP COMMENT '更新时间',
  PRIMARY KEY (`id`)
) ENGINE=InnoDB DEFAULT CHARSET=utf8 COMMENT='ren表';

LOCK TABLES `kfd_goods_category` WRITE;
/*!40000 ALTER TABLE `kfd_goods_category` DISABLE KEYS */;

INSERT INTO `kfd_goods_category` (`id`, `name`, `sort_id`, `visible`, `create_time`, `update_time`)
VALUES
	(1,'分类',1,1,'2020-06-03 13:01:16','2020-06-03 13:01:16');

/*!40000 ALTER TABLE `kfd_goods_category` ENABLE KEYS */;
UNLOCK TABLES;


# Dump of table kfd_order
# ------------------------------------------------------------

DROP TABLE IF EXISTS `kfd_order`;

CREATE TABLE `kfd_order` (
  `id` int(10) unsigned NOT NULL AUTO_INCREMENT COMMENT '订单id',
  `order_sn` varchar(20) NOT NULL DEFAULT '' COMMENT '订单号',
  `uid` int(10) unsigned NOT NULL DEFAULT '0' COMMENT '用户uid',
  `status` tinyint(3) unsigned NOT NULL DEFAULT '0' COMMENT '订单状态 0-待付款 1-已付款 2-待配送  3-配送中  4-已完成 5-已取消',
  `payid` int(10) unsigned NOT NULL DEFAULT '1' COMMENT '付款方式 1-建行',
  `paytime` int(10) unsigned NOT NULL DEFAULT '0' COMMENT '付款时间',
  `ispay` tinyint(1) NOT NULL DEFAULT '0' COMMENT '是否付款 1-是  0-否',
  `shiptime` int(10) unsigned NOT NULL DEFAULT '0' COMMENT '发货时间',
  `finished_time` int(10) unsigned NOT NULL DEFAULT '0' COMMENT '订单完成时间',
  `refund_msg` varchar(100) NOT NULL DEFAULT '' COMMENT '退款提示',
  `cancel_type` int(10) NOT NULL DEFAULT '0' COMMENT '取消原因 1-手机号码不是本人 2-用户要求取消 3-其它',
  `cancel_remark` varchar(200) NOT NULL DEFAULT '' COMMENT '取消备注',
  `realname` varchar(20) NOT NULL DEFAULT '' COMMENT '姓名',
  `mobile` varchar(20) NOT NULL DEFAULT '' COMMENT '手机号码',
  `shopname` varchar(255) NOT NULL,
  `address` varchar(200) NOT NULL DEFAULT '' COMMENT '地址',
  `total_price` bigint(10) NOT NULL DEFAULT '0' COMMENT '总价格',
  `remark` varchar(255) NOT NULL DEFAULT '' COMMENT '买家留言',
  `score` tinyint(1) NOT NULL DEFAULT '5' COMMENT '分数',
  `visible` tinyint(1) NOT NULL DEFAULT '1' COMMENT '是否显示 1-是 0-否',
  `create_time` datetime NOT NULL DEFAULT CURRENT_TIMESTAMP COMMENT '创建时间',
  `update_time` datetime NOT NULL DEFAULT CURRENT_TIMESTAMP ON UPDATE CURRENT_TIMESTAMP COMMENT '更新时间',
  PRIMARY KEY (`id`),
  UNIQUE KEY `order_sn` (`order_sn`)
) ENGINE=InnoDB DEFAULT CHARSET=utf8 COMMENT='订单表';

LOCK TABLES `kfd_order` WRITE;
/*!40000 ALTER TABLE `kfd_order` DISABLE KEYS */;

INSERT INTO `kfd_order` (`id`, `order_sn`, `uid`, `status`, `payid`, `paytime`, `ispay`, `shiptime`, `finished_time`, `refund_msg`, `cancel_type`, `cancel_remark`, `realname`, `mobile`, `shopname`, `address`, `total_price`, `remark`, `score`, `visible`, `create_time`, `update_time`)
VALUES
	(1,'O_123456',2561,1,1,0,0,0,0,'',0,'','','','xxx店铺','',0,'',5,1,'2020-06-03 16:11:26','2020-06-03 16:29:36'),
	(2,'O_123457',2802,1,1,0,1,0,0,'',0,'','昵称','','','#',4400,'',5,1,'2020-06-04 16:03:21','2020-06-04 16:26:32'),
	(3,'O_1141',2802,1,1,0,1,0,0,'',0,'','昵称','','','#',4400,'',5,1,'2020-06-04 16:22:04','2020-06-04 16:22:04'),
	(4,'O_202006041151',2802,1,1,0,1,0,0,'',0,'','昵称','','','#',4400,'',5,1,'2020-06-04 16:26:56','2020-06-04 16:26:56'),
	(5,'O_202006041152',2802,1,1,0,1,0,0,'',0,'','昵称','','','#',4400,'',5,1,'2020-06-04 16:27:53','2020-06-04 16:27:53'),
	(6,'O_202006041161',2802,1,1,0,1,0,0,'',0,'','昵称','','','#',4400,'',5,1,'2020-06-04 16:28:49','2020-06-04 16:28:49'),
	(7,'O_202006041162',2802,1,1,0,1,0,0,'',0,'','昵称','','','#',4400,'',5,1,'2020-06-04 16:29:02','2020-06-04 16:29:02'),
	(8,'O_202006041163',2802,1,1,0,1,0,0,'',0,'','昵称','','','#',4400,'',5,1,'2020-06-04 16:29:03','2020-06-04 16:29:03'),
	(9,'O_202006041164',2802,1,1,0,1,0,0,'',0,'','昵称','','','#',4400,'',5,1,'2020-06-04 16:29:21','2020-06-04 16:29:21'),
	(10,'O_202006041165',2802,1,1,0,1,0,0,'',0,'','昵称','','','#',4400,'',5,1,'2020-06-04 16:29:22','2020-06-04 16:29:22'),
	(11,'O_202006041166',2802,1,1,0,1,0,0,'',0,'','昵称','','','#',2600,'',5,1,'2020-06-04 16:30:19','2020-06-04 16:30:19'),
	(12,'O_202006041167',2802,1,1,0,1,0,0,'',0,'','昵称','','','#',2600,'',5,1,'2020-06-04 16:31:23','2020-06-04 16:31:23'),
	(13,'O_202006041168',2802,1,1,0,1,0,0,'',0,'','昵称','','','#',2600,'',5,1,'2020-06-04 16:31:24','2020-06-04 16:31:24'),
	(14,'O_202006041169',2802,1,1,0,1,0,0,'',0,'','昵称','','','#',2600,'',5,1,'2020-06-04 16:31:25','2020-06-04 16:31:25'),
	(15,'O_202006041170',2802,1,1,0,1,0,0,'',0,'','昵称','','','#',2600,'',5,1,'2020-06-04 16:31:26','2020-06-04 16:31:26'),
	(16,'O_202006041171',2802,1,1,0,1,0,0,'',0,'','昵称','','','#',2600,'',5,1,'2020-06-04 16:31:27','2020-06-04 16:31:27'),
	(17,'O_202006041172',2802,1,1,0,1,0,0,'',0,'','昵称','','','#',2600,'',5,1,'2020-06-04 16:31:28','2020-06-04 16:31:28'),
	(18,'O_202006041173',2802,1,1,0,1,0,0,'',0,'','昵称','','','#',2600,'',5,1,'2020-06-04 16:31:29','2020-06-04 16:31:29'),
	(19,'O_202006041174',2802,1,1,0,1,0,0,'',0,'','昵称','','','#',2600,'',5,1,'2020-06-04 16:31:29','2020-06-04 16:31:29'),
	(20,'O_202006041175',2802,1,1,0,1,0,0,'',0,'','昵称','','','#',2600,'',5,1,'2020-06-04 16:31:30','2020-06-04 16:31:30'),
	(21,'O_202006041176',2802,1,1,0,1,0,0,'',0,'','昵称','','','#',2600,'',5,1,'2020-06-04 16:31:31','2020-06-04 16:31:31'),
	(22,'O_202006041177',2802,1,1,0,1,0,0,'',0,'','昵称','','','#',2600,'',5,1,'2020-06-04 16:31:32','2020-06-04 16:31:32'),
	(23,'O_202006041178',2802,1,1,0,1,0,0,'',0,'','昵称','','','#',2600,'',5,1,'2020-06-04 16:31:33','2020-06-04 16:31:33'),
	(24,'O_202006041179',2802,1,1,0,1,0,0,'',0,'','昵称','','','#',2600,'',5,1,'2020-06-04 16:31:34','2020-06-04 16:31:34'),
	(25,'O_202006041180',2802,1,1,0,1,0,0,'',0,'','昵称','','','#',2600,'',5,1,'2020-06-04 16:31:35','2020-06-04 16:31:35'),
	(26,'O_202006041181',2802,1,1,0,1,0,0,'',0,'','昵称','','','#',2600,'',5,1,'2020-06-04 16:31:35','2020-06-04 16:31:35'),
	(27,'O_202006041182',2802,1,1,0,1,0,0,'',0,'','昵称','','','#',2600,'',5,1,'2020-06-04 16:31:36','2020-06-04 16:31:36'),
	(28,'O_202006041183',2802,1,1,0,1,0,0,'',0,'','昵称','','','#',2600,'',5,1,'2020-06-04 16:31:37','2020-06-04 16:31:37'),
	(29,'O_202006041184',2802,1,1,0,1,0,0,'',0,'','昵称','','','#',2600,'',5,1,'2020-06-04 16:31:38','2020-06-04 16:31:38'),
	(30,'O_202006041185',2802,1,1,0,1,0,0,'',0,'','昵称','','','#',2600,'',5,1,'2020-06-04 16:31:39','2020-06-04 16:31:39'),
	(31,'O_202006041186',2802,1,1,0,1,0,0,'',0,'','昵称','','','#',2600,'',5,1,'2020-06-04 16:31:39','2020-06-04 16:31:39'),
	(32,'O_202006041187',2802,1,1,0,1,0,0,'',0,'','昵称','','','#',2600,'',5,1,'2020-06-04 16:31:41','2020-06-04 16:31:41'),
	(33,'O_202006041188',2802,1,1,0,1,0,0,'',0,'','昵称','','','#',2600,'',5,1,'2020-06-04 16:31:41','2020-06-04 16:31:41'),
	(34,'O_202006041189',2802,1,1,0,1,0,0,'',0,'','昵称','','','#',2600,'',5,1,'2020-06-04 16:31:42','2020-06-04 16:31:42'),
	(35,'O_202006041190',2802,1,1,0,1,0,0,'',0,'','昵称','','','#',2600,'',5,1,'2020-06-04 16:31:43','2020-06-04 16:31:43'),
	(36,'O_202006041191',2802,1,1,0,1,0,0,'',0,'','昵称','','','#',2600,'',5,1,'2020-06-04 16:31:44','2020-06-04 16:31:44'),
	(37,'O_202006041192',2802,1,1,0,1,0,0,'',0,'','昵称','','','#',2600,'',5,1,'2020-06-04 16:31:45','2020-06-04 16:31:45'),
	(38,'O_202006041193',2802,1,1,0,1,0,0,'',0,'','昵称','','','#',2600,'',5,1,'2020-06-04 16:31:46','2020-06-04 16:31:46'),
	(39,'O_202006041194',2802,1,1,0,1,0,0,'',0,'','昵称','','','#',2600,'',5,1,'2020-06-04 16:31:47','2020-06-04 16:31:47'),
	(40,'O_202006041195',2802,1,1,0,1,0,0,'',0,'','昵称','','','#',2600,'',5,1,'2020-06-04 16:31:48','2020-06-04 16:31:48'),
	(41,'O_202006041196',2802,1,1,0,1,0,0,'',0,'','昵称','','','#',2600,'',5,1,'2020-06-04 16:31:48','2020-06-04 16:31:48'),
	(42,'O_202006041197',2802,1,1,0,1,0,0,'',0,'','昵称','','','#',2600,'',5,1,'2020-06-04 16:31:49','2020-06-04 16:31:49'),
	(43,'O_202006041198',2802,1,1,0,1,0,0,'',0,'','昵称','','','#',2600,'',5,1,'2020-06-04 16:31:50','2020-06-04 16:31:50'),
	(44,'O_202006041199',2802,1,1,0,1,0,0,'',0,'','昵称','','','#',2600,'',5,1,'2020-06-04 16:31:51','2020-06-04 16:31:51'),
	(45,'O_202006041200',2802,1,1,0,1,0,0,'',0,'','昵称','','','#',2600,'',5,1,'2020-06-04 16:31:52','2020-06-04 16:31:52'),
	(46,'O_202006041201',2802,1,1,0,1,0,0,'',0,'','昵称','','','#',2600,'',5,1,'2020-06-04 16:31:53','2020-06-04 16:31:53'),
	(47,'O_202006041202',2802,1,1,0,1,0,0,'',0,'','昵称','','','#',2600,'',5,1,'2020-06-04 16:31:54','2020-06-04 16:31:54'),
	(48,'O_202006041203',2802,1,1,0,1,0,0,'',0,'','昵称','','','#',2600,'',5,1,'2020-06-04 16:31:54','2020-06-04 16:31:54'),
	(49,'O_202006041204',2802,1,1,0,1,0,0,'',0,'','昵称','','','#',2600,'',5,1,'2020-06-04 16:31:55','2020-06-04 16:31:55'),
	(50,'O_202006041205',2802,1,1,0,1,0,0,'',0,'','昵称','','','#',2600,'',5,1,'2020-06-04 16:31:56','2020-06-04 16:31:56'),
	(51,'O_202006041206',2802,1,1,0,1,0,0,'',0,'','昵称','','','#',2600,'',5,1,'2020-06-04 16:31:57','2020-06-04 16:31:57'),
	(52,'O_202006041207',2802,1,1,0,1,0,0,'',0,'','昵称','','','#',2600,'',5,1,'2020-06-04 16:31:58','2020-06-04 16:31:58'),
	(53,'O_202006041208',2802,1,1,0,1,0,0,'',0,'','昵称','','','#',2600,'',5,1,'2020-06-04 16:31:59','2020-06-04 16:31:59'),
	(54,'O_202006041209',2802,1,1,0,1,0,0,'',0,'','昵称','','','#',2600,'',5,1,'2020-06-04 16:47:52','2020-06-04 16:47:52');

/*!40000 ALTER TABLE `kfd_order` ENABLE KEYS */;
UNLOCK TABLES;


# Dump of table kfd_order_goods
# ------------------------------------------------------------

DROP TABLE IF EXISTS `kfd_order_goods`;

CREATE TABLE `kfd_order_goods` (
  `id` int(10) unsigned NOT NULL AUTO_INCREMENT COMMENT '订单id',
  `order_sn` varchar(20) NOT NULL DEFAULT '' COMMENT '订单号',
  `goods_id` int(10) NOT NULL DEFAULT '0' COMMENT '商品ID',
  `refund_msg` varchar(100) NOT NULL DEFAULT '' COMMENT '退款提示',
  `cancel_type` int(10) NOT NULL DEFAULT '0' COMMENT '取消原因 1-手机号码不是本人 2-用户要求取消 3-其它',
  `cancel_remark` varchar(200) NOT NULL DEFAULT '' COMMENT '取消备注',
  `goods_name` varchar(100) NOT NULL DEFAULT '' COMMENT '商品名称',
  `thumb` varchar(200) NOT NULL DEFAULT '' COMMENT '缩略图',
  `goods_num` int(10) NOT NULL DEFAULT '1' COMMENT '数量',
  `goods_price` bigint(10) NOT NULL DEFAULT '0' COMMENT '价格',
  `goods_spec` int(10) NOT NULL DEFAULT '0' COMMENT '规格',
  `status` tinyint(1) NOT NULL DEFAULT '0' COMMENT '订单状态 0-待付款 1-已付款 2-待配送  3-配送中  4-已完成 5-已取消',
  `visible` tinyint(1) NOT NULL DEFAULT '1' COMMENT '是否显示 1-是 0-否',
  `create_time` datetime NOT NULL DEFAULT CURRENT_TIMESTAMP COMMENT '创建时间',
  `update_time` datetime NOT NULL DEFAULT CURRENT_TIMESTAMP ON UPDATE CURRENT_TIMESTAMP COMMENT '更新时间',
  PRIMARY KEY (`id`),
  KEY `order_sn` (`order_sn`)
) ENGINE=InnoDB DEFAULT CHARSET=utf8 COMMENT='订单商品表';

LOCK TABLES `kfd_order_goods` WRITE;
/*!40000 ALTER TABLE `kfd_order_goods` DISABLE KEYS */;

INSERT INTO `kfd_order_goods` (`id`, `order_sn`, `goods_id`, `refund_msg`, `cancel_type`, `cancel_remark`, `goods_name`, `thumb`, `goods_num`, `goods_price`, `goods_spec`, `status`, `visible`, `create_time`, `update_time`)
VALUES
	(1,'O_123456',1,'',0,'','商品名字2','',1,0,0,0,1,'2020-06-03 16:11:50','2020-06-03 16:12:54'),
	(2,'O_123456',2,'x',0,'','商品名字1','',1,0,0,0,1,'2020-06-03 16:12:46','2020-06-03 16:12:46'),
	(14,'O_123457',1,'',0,'','七天六晚不一样的“疫”样的时光','https://file-1259574925.cos.ap-shanghai.myqcloud.com/nste-img/201911/5523231269812338_640-1.jpeg',2,1800,0,0,1,'2020-06-04 16:03:21','2020-06-04 16:26:28'),
	(15,'O_123457',2,'',0,'','三峡大坝一日游','https://file-1259574925.cos.ap-shanghai.myqcloud.com/nste-img/201911/5523231269812338_640-1.jpeg',1,800,0,0,1,'2020-06-04 16:03:21','2020-06-04 16:26:29'),
	(16,'O_1141',1,'',0,'','七天六晚不一样的“疫”样的时光','https://file-1259574925.cos.ap-shanghai.myqcloud.com/nste-img/201911/5523231269812338_640-1.jpeg',2,1800,0,0,1,'2020-06-04 16:22:04','2020-06-04 16:22:04'),
	(17,'O_1141',2,'',0,'','三峡大坝一日游','https://file-1259574925.cos.ap-shanghai.myqcloud.com/nste-img/201911/5523231269812338_640-1.jpeg',1,800,0,0,1,'2020-06-04 16:22:04','2020-06-04 16:22:04'),
	(18,'O_202006041151',1,'',0,'','七天六晚不一样的“疫”样的时光','https://file-1259574925.cos.ap-shanghai.myqcloud.com/nste-img/201911/5523231269812338_640-1.jpeg',2,1800,0,0,1,'2020-06-04 16:26:56','2020-06-04 16:26:56'),
	(19,'O_202006041151',2,'',0,'','三峡大坝一日游','https://file-1259574925.cos.ap-shanghai.myqcloud.com/nste-img/201911/5523231269812338_640-1.jpeg',1,800,0,0,1,'2020-06-04 16:26:56','2020-06-04 16:26:56'),
	(20,'O_202006041152',1,'',0,'','七天六晚不一样的“疫”样的时光','https://file-1259574925.cos.ap-shanghai.myqcloud.com/nste-img/201911/5523231269812338_640-1.jpeg',2,1800,0,0,1,'2020-06-04 16:27:53','2020-06-04 16:27:53'),
	(21,'O_202006041152',2,'',0,'','三峡大坝一日游','https://file-1259574925.cos.ap-shanghai.myqcloud.com/nste-img/201911/5523231269812338_640-1.jpeg',1,800,0,0,1,'2020-06-04 16:27:53','2020-06-04 16:27:53'),
	(22,'O_202006041161',1,'',0,'','七天六晚不一样的“疫”样的时光','https://file-1259574925.cos.ap-shanghai.myqcloud.com/nste-img/201911/5523231269812338_640-1.jpeg',2,1800,0,0,1,'2020-06-04 16:28:49','2020-06-04 16:28:49'),
	(23,'O_202006041161',2,'',0,'','三峡大坝一日游','https://file-1259574925.cos.ap-shanghai.myqcloud.com/nste-img/201911/5523231269812338_640-1.jpeg',1,800,0,0,1,'2020-06-04 16:28:49','2020-06-04 16:28:49'),
	(24,'O_202006041162',1,'',0,'','七天六晚不一样的“疫”样的时光','https://file-1259574925.cos.ap-shanghai.myqcloud.com/nste-img/201911/5523231269812338_640-1.jpeg',2,1800,0,0,1,'2020-06-04 16:29:02','2020-06-04 16:29:02'),
	(25,'O_202006041162',2,'',0,'','三峡大坝一日游','https://file-1259574925.cos.ap-shanghai.myqcloud.com/nste-img/201911/5523231269812338_640-1.jpeg',1,800,0,0,1,'2020-06-04 16:29:02','2020-06-04 16:29:02'),
	(26,'O_202006041163',1,'',0,'','七天六晚不一样的“疫”样的时光','https://file-1259574925.cos.ap-shanghai.myqcloud.com/nste-img/201911/5523231269812338_640-1.jpeg',2,1800,0,0,1,'2020-06-04 16:29:03','2020-06-04 16:29:03'),
	(27,'O_202006041163',2,'',0,'','三峡大坝一日游','https://file-1259574925.cos.ap-shanghai.myqcloud.com/nste-img/201911/5523231269812338_640-1.jpeg',1,800,0,0,1,'2020-06-04 16:29:03','2020-06-04 16:29:03'),
	(28,'O_202006041164',1,'',0,'','七天六晚不一样的“疫”样的时光','https://file-1259574925.cos.ap-shanghai.myqcloud.com/nste-img/201911/5523231269812338_640-1.jpeg',2,1800,0,0,1,'2020-06-04 16:29:21','2020-06-04 16:29:21'),
	(29,'O_202006041164',2,'',0,'','三峡大坝一日游','https://file-1259574925.cos.ap-shanghai.myqcloud.com/nste-img/201911/5523231269812338_640-1.jpeg',1,800,0,0,1,'2020-06-04 16:29:21','2020-06-04 16:29:21'),
	(30,'O_202006041165',1,'',0,'','七天六晚不一样的“疫”样的时光','https://file-1259574925.cos.ap-shanghai.myqcloud.com/nste-img/201911/5523231269812338_640-1.jpeg',2,1800,0,0,1,'2020-06-04 16:29:22','2020-06-04 16:29:22'),
	(31,'O_202006041165',2,'',0,'','三峡大坝一日游','https://file-1259574925.cos.ap-shanghai.myqcloud.com/nste-img/201911/5523231269812338_640-1.jpeg',1,800,0,0,1,'2020-06-04 16:29:22','2020-06-04 16:29:22'),
	(32,'O_202006041166',1,'',0,'','七天六晚不一样的“疫”样的时光','https://file-1259574925.cos.ap-shanghai.myqcloud.com/nste-img/201911/5523231269812338_640-1.jpeg',1,1800,0,0,1,'2020-06-04 16:30:19','2020-06-04 16:30:19'),
	(33,'O_202006041166',2,'',0,'','三峡大坝一日游','https://file-1259574925.cos.ap-shanghai.myqcloud.com/nste-img/201911/5523231269812338_640-1.jpeg',1,800,0,0,1,'2020-06-04 16:30:19','2020-06-04 16:30:19'),
	(34,'O_202006041167',1,'',0,'','七天六晚不一样的“疫”样的时光','https://file-1259574925.cos.ap-shanghai.myqcloud.com/nste-img/201911/5523231269812338_640-1.jpeg',1,1800,0,0,1,'2020-06-04 16:31:23','2020-06-04 16:31:23'),
	(35,'O_202006041167',2,'',0,'','三峡大坝一日游','https://file-1259574925.cos.ap-shanghai.myqcloud.com/nste-img/201911/5523231269812338_640-1.jpeg',1,800,0,0,1,'2020-06-04 16:31:23','2020-06-04 16:31:23'),
	(36,'O_202006041168',1,'',0,'','七天六晚不一样的“疫”样的时光','https://file-1259574925.cos.ap-shanghai.myqcloud.com/nste-img/201911/5523231269812338_640-1.jpeg',1,1800,0,0,1,'2020-06-04 16:31:24','2020-06-04 16:31:24'),
	(37,'O_202006041168',2,'',0,'','三峡大坝一日游','https://file-1259574925.cos.ap-shanghai.myqcloud.com/nste-img/201911/5523231269812338_640-1.jpeg',1,800,0,0,1,'2020-06-04 16:31:24','2020-06-04 16:31:24'),
	(38,'O_202006041169',1,'',0,'','七天六晚不一样的“疫”样的时光','https://file-1259574925.cos.ap-shanghai.myqcloud.com/nste-img/201911/5523231269812338_640-1.jpeg',1,1800,0,0,1,'2020-06-04 16:31:25','2020-06-04 16:31:25'),
	(39,'O_202006041169',2,'',0,'','三峡大坝一日游','https://file-1259574925.cos.ap-shanghai.myqcloud.com/nste-img/201911/5523231269812338_640-1.jpeg',1,800,0,0,1,'2020-06-04 16:31:25','2020-06-04 16:31:25'),
	(40,'O_202006041170',1,'',0,'','七天六晚不一样的“疫”样的时光','https://file-1259574925.cos.ap-shanghai.myqcloud.com/nste-img/201911/5523231269812338_640-1.jpeg',1,1800,0,0,1,'2020-06-04 16:31:26','2020-06-04 16:31:26'),
	(41,'O_202006041170',2,'',0,'','三峡大坝一日游','https://file-1259574925.cos.ap-shanghai.myqcloud.com/nste-img/201911/5523231269812338_640-1.jpeg',1,800,0,0,1,'2020-06-04 16:31:26','2020-06-04 16:31:26'),
	(42,'O_202006041171',1,'',0,'','七天六晚不一样的“疫”样的时光','https://file-1259574925.cos.ap-shanghai.myqcloud.com/nste-img/201911/5523231269812338_640-1.jpeg',1,1800,0,0,1,'2020-06-04 16:31:27','2020-06-04 16:31:27'),
	(43,'O_202006041171',2,'',0,'','三峡大坝一日游','https://file-1259574925.cos.ap-shanghai.myqcloud.com/nste-img/201911/5523231269812338_640-1.jpeg',1,800,0,0,1,'2020-06-04 16:31:27','2020-06-04 16:31:27'),
	(44,'O_202006041172',1,'',0,'','七天六晚不一样的“疫”样的时光','https://file-1259574925.cos.ap-shanghai.myqcloud.com/nste-img/201911/5523231269812338_640-1.jpeg',1,1800,0,0,1,'2020-06-04 16:31:28','2020-06-04 16:31:28'),
	(45,'O_202006041172',2,'',0,'','三峡大坝一日游','https://file-1259574925.cos.ap-shanghai.myqcloud.com/nste-img/201911/5523231269812338_640-1.jpeg',1,800,0,0,1,'2020-06-04 16:31:28','2020-06-04 16:31:28'),
	(46,'O_202006041173',1,'',0,'','七天六晚不一样的“疫”样的时光','https://file-1259574925.cos.ap-shanghai.myqcloud.com/nste-img/201911/5523231269812338_640-1.jpeg',1,1800,0,0,1,'2020-06-04 16:31:29','2020-06-04 16:31:29'),
	(47,'O_202006041173',2,'',0,'','三峡大坝一日游','https://file-1259574925.cos.ap-shanghai.myqcloud.com/nste-img/201911/5523231269812338_640-1.jpeg',1,800,0,0,1,'2020-06-04 16:31:29','2020-06-04 16:31:29'),
	(48,'O_202006041174',1,'',0,'','七天六晚不一样的“疫”样的时光','https://file-1259574925.cos.ap-shanghai.myqcloud.com/nste-img/201911/5523231269812338_640-1.jpeg',1,1800,0,0,1,'2020-06-04 16:31:29','2020-06-04 16:31:29'),
	(49,'O_202006041174',2,'',0,'','三峡大坝一日游','https://file-1259574925.cos.ap-shanghai.myqcloud.com/nste-img/201911/5523231269812338_640-1.jpeg',1,800,0,0,1,'2020-06-04 16:31:29','2020-06-04 16:31:29'),
	(50,'O_202006041175',1,'',0,'','七天六晚不一样的“疫”样的时光','https://file-1259574925.cos.ap-shanghai.myqcloud.com/nste-img/201911/5523231269812338_640-1.jpeg',1,1800,0,0,1,'2020-06-04 16:31:30','2020-06-04 16:31:30'),
	(51,'O_202006041175',2,'',0,'','三峡大坝一日游','https://file-1259574925.cos.ap-shanghai.myqcloud.com/nste-img/201911/5523231269812338_640-1.jpeg',1,800,0,0,1,'2020-06-04 16:31:30','2020-06-04 16:31:30'),
	(52,'O_202006041176',1,'',0,'','七天六晚不一样的“疫”样的时光','https://file-1259574925.cos.ap-shanghai.myqcloud.com/nste-img/201911/5523231269812338_640-1.jpeg',1,1800,0,0,1,'2020-06-04 16:31:31','2020-06-04 16:31:31'),
	(53,'O_202006041176',2,'',0,'','三峡大坝一日游','https://file-1259574925.cos.ap-shanghai.myqcloud.com/nste-img/201911/5523231269812338_640-1.jpeg',1,800,0,0,1,'2020-06-04 16:31:31','2020-06-04 16:31:31'),
	(54,'O_202006041177',1,'',0,'','七天六晚不一样的“疫”样的时光','https://file-1259574925.cos.ap-shanghai.myqcloud.com/nste-img/201911/5523231269812338_640-1.jpeg',1,1800,0,0,1,'2020-06-04 16:31:32','2020-06-04 16:31:32'),
	(55,'O_202006041177',2,'',0,'','三峡大坝一日游','https://file-1259574925.cos.ap-shanghai.myqcloud.com/nste-img/201911/5523231269812338_640-1.jpeg',1,800,0,0,1,'2020-06-04 16:31:32','2020-06-04 16:31:32'),
	(56,'O_202006041178',1,'',0,'','七天六晚不一样的“疫”样的时光','https://file-1259574925.cos.ap-shanghai.myqcloud.com/nste-img/201911/5523231269812338_640-1.jpeg',1,1800,0,0,1,'2020-06-04 16:31:33','2020-06-04 16:31:33'),
	(57,'O_202006041178',2,'',0,'','三峡大坝一日游','https://file-1259574925.cos.ap-shanghai.myqcloud.com/nste-img/201911/5523231269812338_640-1.jpeg',1,800,0,0,1,'2020-06-04 16:31:33','2020-06-04 16:31:33'),
	(58,'O_202006041179',1,'',0,'','七天六晚不一样的“疫”样的时光','https://file-1259574925.cos.ap-shanghai.myqcloud.com/nste-img/201911/5523231269812338_640-1.jpeg',1,1800,0,0,1,'2020-06-04 16:31:34','2020-06-04 16:31:34'),
	(59,'O_202006041179',2,'',0,'','三峡大坝一日游','https://file-1259574925.cos.ap-shanghai.myqcloud.com/nste-img/201911/5523231269812338_640-1.jpeg',1,800,0,0,1,'2020-06-04 16:31:34','2020-06-04 16:31:34'),
	(60,'O_202006041180',1,'',0,'','七天六晚不一样的“疫”样的时光','https://file-1259574925.cos.ap-shanghai.myqcloud.com/nste-img/201911/5523231269812338_640-1.jpeg',1,1800,0,0,1,'2020-06-04 16:31:35','2020-06-04 16:31:35'),
	(61,'O_202006041180',2,'',0,'','三峡大坝一日游','https://file-1259574925.cos.ap-shanghai.myqcloud.com/nste-img/201911/5523231269812338_640-1.jpeg',1,800,0,0,1,'2020-06-04 16:31:35','2020-06-04 16:31:35'),
	(62,'O_202006041181',1,'',0,'','七天六晚不一样的“疫”样的时光','https://file-1259574925.cos.ap-shanghai.myqcloud.com/nste-img/201911/5523231269812338_640-1.jpeg',1,1800,0,0,1,'2020-06-04 16:31:35','2020-06-04 16:31:35'),
	(63,'O_202006041181',2,'',0,'','三峡大坝一日游','https://file-1259574925.cos.ap-shanghai.myqcloud.com/nste-img/201911/5523231269812338_640-1.jpeg',1,800,0,0,1,'2020-06-04 16:31:35','2020-06-04 16:31:35'),
	(64,'O_202006041182',1,'',0,'','七天六晚不一样的“疫”样的时光','https://file-1259574925.cos.ap-shanghai.myqcloud.com/nste-img/201911/5523231269812338_640-1.jpeg',1,1800,0,0,1,'2020-06-04 16:31:36','2020-06-04 16:31:36'),
	(65,'O_202006041182',2,'',0,'','三峡大坝一日游','https://file-1259574925.cos.ap-shanghai.myqcloud.com/nste-img/201911/5523231269812338_640-1.jpeg',1,800,0,0,1,'2020-06-04 16:31:36','2020-06-04 16:31:36'),
	(66,'O_202006041183',1,'',0,'','七天六晚不一样的“疫”样的时光','https://file-1259574925.cos.ap-shanghai.myqcloud.com/nste-img/201911/5523231269812338_640-1.jpeg',1,1800,0,0,1,'2020-06-04 16:31:37','2020-06-04 16:31:37'),
	(67,'O_202006041183',2,'',0,'','三峡大坝一日游','https://file-1259574925.cos.ap-shanghai.myqcloud.com/nste-img/201911/5523231269812338_640-1.jpeg',1,800,0,0,1,'2020-06-04 16:31:37','2020-06-04 16:31:37'),
	(68,'O_202006041184',1,'',0,'','七天六晚不一样的“疫”样的时光','https://file-1259574925.cos.ap-shanghai.myqcloud.com/nste-img/201911/5523231269812338_640-1.jpeg',1,1800,0,0,1,'2020-06-04 16:31:38','2020-06-04 16:31:38'),
	(69,'O_202006041184',2,'',0,'','三峡大坝一日游','https://file-1259574925.cos.ap-shanghai.myqcloud.com/nste-img/201911/5523231269812338_640-1.jpeg',1,800,0,0,1,'2020-06-04 16:31:38','2020-06-04 16:31:38'),
	(70,'O_202006041185',1,'',0,'','七天六晚不一样的“疫”样的时光','https://file-1259574925.cos.ap-shanghai.myqcloud.com/nste-img/201911/5523231269812338_640-1.jpeg',1,1800,0,0,1,'2020-06-04 16:31:39','2020-06-04 16:31:39'),
	(71,'O_202006041185',2,'',0,'','三峡大坝一日游','https://file-1259574925.cos.ap-shanghai.myqcloud.com/nste-img/201911/5523231269812338_640-1.jpeg',1,800,0,0,1,'2020-06-04 16:31:39','2020-06-04 16:31:39'),
	(72,'O_202006041186',1,'',0,'','七天六晚不一样的“疫”样的时光','https://file-1259574925.cos.ap-shanghai.myqcloud.com/nste-img/201911/5523231269812338_640-1.jpeg',1,1800,0,0,1,'2020-06-04 16:31:39','2020-06-04 16:31:39'),
	(73,'O_202006041186',2,'',0,'','三峡大坝一日游','https://file-1259574925.cos.ap-shanghai.myqcloud.com/nste-img/201911/5523231269812338_640-1.jpeg',1,800,0,0,1,'2020-06-04 16:31:39','2020-06-04 16:31:39'),
	(74,'O_202006041187',1,'',0,'','七天六晚不一样的“疫”样的时光','https://file-1259574925.cos.ap-shanghai.myqcloud.com/nste-img/201911/5523231269812338_640-1.jpeg',1,1800,0,0,1,'2020-06-04 16:31:41','2020-06-04 16:31:41'),
	(75,'O_202006041187',2,'',0,'','三峡大坝一日游','https://file-1259574925.cos.ap-shanghai.myqcloud.com/nste-img/201911/5523231269812338_640-1.jpeg',1,800,0,0,1,'2020-06-04 16:31:41','2020-06-04 16:31:41'),
	(76,'O_202006041188',1,'',0,'','七天六晚不一样的“疫”样的时光','https://file-1259574925.cos.ap-shanghai.myqcloud.com/nste-img/201911/5523231269812338_640-1.jpeg',1,1800,0,0,1,'2020-06-04 16:31:41','2020-06-04 16:31:41'),
	(77,'O_202006041188',2,'',0,'','三峡大坝一日游','https://file-1259574925.cos.ap-shanghai.myqcloud.com/nste-img/201911/5523231269812338_640-1.jpeg',1,800,0,0,1,'2020-06-04 16:31:41','2020-06-04 16:31:41'),
	(78,'O_202006041189',1,'',0,'','七天六晚不一样的“疫”样的时光','https://file-1259574925.cos.ap-shanghai.myqcloud.com/nste-img/201911/5523231269812338_640-1.jpeg',1,1800,0,0,1,'2020-06-04 16:31:42','2020-06-04 16:31:42'),
	(79,'O_202006041189',2,'',0,'','三峡大坝一日游','https://file-1259574925.cos.ap-shanghai.myqcloud.com/nste-img/201911/5523231269812338_640-1.jpeg',1,800,0,0,1,'2020-06-04 16:31:42','2020-06-04 16:31:42'),
	(80,'O_202006041190',1,'',0,'','七天六晚不一样的“疫”样的时光','https://file-1259574925.cos.ap-shanghai.myqcloud.com/nste-img/201911/5523231269812338_640-1.jpeg',1,1800,0,0,1,'2020-06-04 16:31:43','2020-06-04 16:31:43'),
	(81,'O_202006041190',2,'',0,'','三峡大坝一日游','https://file-1259574925.cos.ap-shanghai.myqcloud.com/nste-img/201911/5523231269812338_640-1.jpeg',1,800,0,0,1,'2020-06-04 16:31:43','2020-06-04 16:31:43'),
	(82,'O_202006041191',1,'',0,'','七天六晚不一样的“疫”样的时光','https://file-1259574925.cos.ap-shanghai.myqcloud.com/nste-img/201911/5523231269812338_640-1.jpeg',1,1800,0,0,1,'2020-06-04 16:31:44','2020-06-04 16:31:44'),
	(83,'O_202006041191',2,'',0,'','三峡大坝一日游','https://file-1259574925.cos.ap-shanghai.myqcloud.com/nste-img/201911/5523231269812338_640-1.jpeg',1,800,0,0,1,'2020-06-04 16:31:44','2020-06-04 16:31:44'),
	(84,'O_202006041192',1,'',0,'','七天六晚不一样的“疫”样的时光','https://file-1259574925.cos.ap-shanghai.myqcloud.com/nste-img/201911/5523231269812338_640-1.jpeg',1,1800,0,0,1,'2020-06-04 16:31:45','2020-06-04 16:31:45'),
	(85,'O_202006041192',2,'',0,'','三峡大坝一日游','https://file-1259574925.cos.ap-shanghai.myqcloud.com/nste-img/201911/5523231269812338_640-1.jpeg',1,800,0,0,1,'2020-06-04 16:31:45','2020-06-04 16:31:45'),
	(86,'O_202006041193',1,'',0,'','七天六晚不一样的“疫”样的时光','https://file-1259574925.cos.ap-shanghai.myqcloud.com/nste-img/201911/5523231269812338_640-1.jpeg',1,1800,0,0,1,'2020-06-04 16:31:46','2020-06-04 16:31:46'),
	(87,'O_202006041193',2,'',0,'','三峡大坝一日游','https://file-1259574925.cos.ap-shanghai.myqcloud.com/nste-img/201911/5523231269812338_640-1.jpeg',1,800,0,0,1,'2020-06-04 16:31:46','2020-06-04 16:31:46'),
	(88,'O_202006041194',1,'',0,'','七天六晚不一样的“疫”样的时光','https://file-1259574925.cos.ap-shanghai.myqcloud.com/nste-img/201911/5523231269812338_640-1.jpeg',1,1800,0,0,1,'2020-06-04 16:31:47','2020-06-04 16:31:47'),
	(89,'O_202006041194',2,'',0,'','三峡大坝一日游','https://file-1259574925.cos.ap-shanghai.myqcloud.com/nste-img/201911/5523231269812338_640-1.jpeg',1,800,0,0,1,'2020-06-04 16:31:47','2020-06-04 16:31:47'),
	(90,'O_202006041195',1,'',0,'','七天六晚不一样的“疫”样的时光','https://file-1259574925.cos.ap-shanghai.myqcloud.com/nste-img/201911/5523231269812338_640-1.jpeg',1,1800,0,0,1,'2020-06-04 16:31:48','2020-06-04 16:31:48'),
	(91,'O_202006041195',2,'',0,'','三峡大坝一日游','https://file-1259574925.cos.ap-shanghai.myqcloud.com/nste-img/201911/5523231269812338_640-1.jpeg',1,800,0,0,1,'2020-06-04 16:31:48','2020-06-04 16:31:48'),
	(92,'O_202006041196',1,'',0,'','七天六晚不一样的“疫”样的时光','https://file-1259574925.cos.ap-shanghai.myqcloud.com/nste-img/201911/5523231269812338_640-1.jpeg',1,1800,0,0,1,'2020-06-04 16:31:48','2020-06-04 16:31:48'),
	(93,'O_202006041196',2,'',0,'','三峡大坝一日游','https://file-1259574925.cos.ap-shanghai.myqcloud.com/nste-img/201911/5523231269812338_640-1.jpeg',1,800,0,0,1,'2020-06-04 16:31:48','2020-06-04 16:31:48'),
	(94,'O_202006041197',1,'',0,'','七天六晚不一样的“疫”样的时光','https://file-1259574925.cos.ap-shanghai.myqcloud.com/nste-img/201911/5523231269812338_640-1.jpeg',1,1800,0,0,1,'2020-06-04 16:31:49','2020-06-04 16:31:49'),
	(95,'O_202006041197',2,'',0,'','三峡大坝一日游','https://file-1259574925.cos.ap-shanghai.myqcloud.com/nste-img/201911/5523231269812338_640-1.jpeg',1,800,0,0,1,'2020-06-04 16:31:49','2020-06-04 16:31:49'),
	(96,'O_202006041198',1,'',0,'','七天六晚不一样的“疫”样的时光','https://file-1259574925.cos.ap-shanghai.myqcloud.com/nste-img/201911/5523231269812338_640-1.jpeg',1,1800,0,0,1,'2020-06-04 16:31:50','2020-06-04 16:31:50'),
	(97,'O_202006041198',2,'',0,'','三峡大坝一日游','https://file-1259574925.cos.ap-shanghai.myqcloud.com/nste-img/201911/5523231269812338_640-1.jpeg',1,800,0,0,1,'2020-06-04 16:31:50','2020-06-04 16:31:50'),
	(98,'O_202006041199',1,'',0,'','七天六晚不一样的“疫”样的时光','https://file-1259574925.cos.ap-shanghai.myqcloud.com/nste-img/201911/5523231269812338_640-1.jpeg',1,1800,0,0,1,'2020-06-04 16:31:51','2020-06-04 16:31:51'),
	(99,'O_202006041199',2,'',0,'','三峡大坝一日游','https://file-1259574925.cos.ap-shanghai.myqcloud.com/nste-img/201911/5523231269812338_640-1.jpeg',1,800,0,0,1,'2020-06-04 16:31:51','2020-06-04 16:31:51'),
	(100,'O_202006041200',1,'',0,'','七天六晚不一样的“疫”样的时光','https://file-1259574925.cos.ap-shanghai.myqcloud.com/nste-img/201911/5523231269812338_640-1.jpeg',1,1800,0,0,1,'2020-06-04 16:31:52','2020-06-04 16:31:52'),
	(101,'O_202006041200',2,'',0,'','三峡大坝一日游','https://file-1259574925.cos.ap-shanghai.myqcloud.com/nste-img/201911/5523231269812338_640-1.jpeg',1,800,0,0,1,'2020-06-04 16:31:52','2020-06-04 16:31:52'),
	(102,'O_202006041201',1,'',0,'','七天六晚不一样的“疫”样的时光','https://file-1259574925.cos.ap-shanghai.myqcloud.com/nste-img/201911/5523231269812338_640-1.jpeg',1,1800,0,0,1,'2020-06-04 16:31:53','2020-06-04 16:31:53'),
	(103,'O_202006041201',2,'',0,'','三峡大坝一日游','https://file-1259574925.cos.ap-shanghai.myqcloud.com/nste-img/201911/5523231269812338_640-1.jpeg',1,800,0,0,1,'2020-06-04 16:31:53','2020-06-04 16:31:53'),
	(104,'O_202006041202',1,'',0,'','七天六晚不一样的“疫”样的时光','https://file-1259574925.cos.ap-shanghai.myqcloud.com/nste-img/201911/5523231269812338_640-1.jpeg',1,1800,0,0,1,'2020-06-04 16:31:53','2020-06-04 16:31:53'),
	(105,'O_202006041202',2,'',0,'','三峡大坝一日游','https://file-1259574925.cos.ap-shanghai.myqcloud.com/nste-img/201911/5523231269812338_640-1.jpeg',1,800,0,0,1,'2020-06-04 16:31:53','2020-06-04 16:31:53'),
	(106,'O_202006041203',1,'',0,'','七天六晚不一样的“疫”样的时光','https://file-1259574925.cos.ap-shanghai.myqcloud.com/nste-img/201911/5523231269812338_640-1.jpeg',1,1800,0,0,1,'2020-06-04 16:31:54','2020-06-04 16:31:54'),
	(107,'O_202006041203',2,'',0,'','三峡大坝一日游','https://file-1259574925.cos.ap-shanghai.myqcloud.com/nste-img/201911/5523231269812338_640-1.jpeg',1,800,0,0,1,'2020-06-04 16:31:54','2020-06-04 16:31:54'),
	(108,'O_202006041204',1,'',0,'','七天六晚不一样的“疫”样的时光','https://file-1259574925.cos.ap-shanghai.myqcloud.com/nste-img/201911/5523231269812338_640-1.jpeg',1,1800,0,0,1,'2020-06-04 16:31:55','2020-06-04 16:31:55'),
	(109,'O_202006041204',2,'',0,'','三峡大坝一日游','https://file-1259574925.cos.ap-shanghai.myqcloud.com/nste-img/201911/5523231269812338_640-1.jpeg',1,800,0,0,1,'2020-06-04 16:31:55','2020-06-04 16:31:55'),
	(110,'O_202006041205',1,'',0,'','七天六晚不一样的“疫”样的时光','https://file-1259574925.cos.ap-shanghai.myqcloud.com/nste-img/201911/5523231269812338_640-1.jpeg',1,1800,0,0,1,'2020-06-04 16:31:56','2020-06-04 16:31:56'),
	(111,'O_202006041205',2,'',0,'','三峡大坝一日游','https://file-1259574925.cos.ap-shanghai.myqcloud.com/nste-img/201911/5523231269812338_640-1.jpeg',1,800,0,0,1,'2020-06-04 16:31:56','2020-06-04 16:31:56'),
	(112,'O_202006041206',1,'',0,'','七天六晚不一样的“疫”样的时光','https://file-1259574925.cos.ap-shanghai.myqcloud.com/nste-img/201911/5523231269812338_640-1.jpeg',1,1800,0,0,1,'2020-06-04 16:31:57','2020-06-04 16:31:57'),
	(113,'O_202006041206',2,'',0,'','三峡大坝一日游','https://file-1259574925.cos.ap-shanghai.myqcloud.com/nste-img/201911/5523231269812338_640-1.jpeg',1,800,0,0,1,'2020-06-04 16:31:57','2020-06-04 16:31:57'),
	(114,'O_202006041207',1,'',0,'','七天六晚不一样的“疫”样的时光','https://file-1259574925.cos.ap-shanghai.myqcloud.com/nste-img/201911/5523231269812338_640-1.jpeg',1,1800,0,0,1,'2020-06-04 16:31:58','2020-06-04 16:31:58'),
	(115,'O_202006041207',2,'',0,'','三峡大坝一日游','https://file-1259574925.cos.ap-shanghai.myqcloud.com/nste-img/201911/5523231269812338_640-1.jpeg',1,800,0,0,1,'2020-06-04 16:31:58','2020-06-04 16:31:58'),
	(116,'O_202006041208',1,'',0,'','七天六晚不一样的“疫”样的时光','https://file-1259574925.cos.ap-shanghai.myqcloud.com/nste-img/201911/5523231269812338_640-1.jpeg',1,1800,0,0,1,'2020-06-04 16:31:59','2020-06-04 16:31:59'),
	(117,'O_202006041208',2,'',0,'','三峡大坝一日游','https://file-1259574925.cos.ap-shanghai.myqcloud.com/nste-img/201911/5523231269812338_640-1.jpeg',1,800,0,0,1,'2020-06-04 16:31:59','2020-06-04 16:31:59'),
	(118,'O_202006041209',1,'',0,'','七天六晚不一样的“疫”样的时光','https://file-1259574925.cos.ap-shanghai.myqcloud.com/nste-img/201911/5523231269812338_640-1.jpeg',1,1800,0,0,1,'2020-06-04 16:47:52','2020-06-04 16:47:52'),
	(119,'O_202006041209',2,'',0,'','三峡大坝一日游','https://file-1259574925.cos.ap-shanghai.myqcloud.com/nste-img/201911/5523231269812338_640-1.jpeg',1,800,0,0,1,'2020-06-04 16:47:52','2020-06-04 16:47:52');

/*!40000 ALTER TABLE `kfd_order_goods` ENABLE KEYS */;
UNLOCK TABLES;


# Dump of table kfd_uid
# ------------------------------------------------------------

DROP TABLE IF EXISTS `kfd_uid`;

CREATE TABLE `kfd_uid` (
  `id` bigint(20) unsigned NOT NULL AUTO_INCREMENT COMMENT '自增主键',
  `business_id` varchar(128) COLLATE utf8mb4_bin NOT NULL COMMENT '业务id',
  `max_id` bigint(20) unsigned NOT NULL DEFAULT '0' COMMENT '最大id',
  `step` int(10) unsigned NOT NULL DEFAULT '1000' COMMENT '步长',
  `description` varchar(255) COLLATE utf8mb4_bin NOT NULL COMMENT '描述',
  `create_time` datetime NOT NULL DEFAULT CURRENT_TIMESTAMP COMMENT '创建时间',
  `update_time` datetime NOT NULL DEFAULT CURRENT_TIMESTAMP ON UPDATE CURRENT_TIMESTAMP COMMENT '更新时间',
  PRIMARY KEY (`id`),
  UNIQUE KEY `uk_business_id` (`business_id`)
) ENGINE=InnoDB DEFAULT CHARSET=utf8mb4 COLLATE=utf8mb4_bin COMMENT='分布式自增主键';

LOCK TABLES `kfd_uid` WRITE;
/*!40000 ALTER TABLE `kfd_uid` DISABLE KEYS */;

INSERT INTO `kfd_uid` (`id`, `business_id`, `max_id`, `step`, `description`, `create_time`, `update_time`)
VALUES
	(1,X'6465766963655F6964',2940,5,X'E8AEBEE5A4876964','2019-10-15 16:42:05','2020-06-04 16:55:05'),
	(2,X'6F726465725F736E',1225,5,X'E8AEA2E58D95E58FB7','2020-06-03 20:46:49','2020-06-04 16:55:05');

/*!40000 ALTER TABLE `kfd_uid` ENABLE KEYS */;
UNLOCK TABLES;


# Dump of table kfd_user
# ------------------------------------------------------------

DROP TABLE IF EXISTS `kfd_user`;

CREATE TABLE `kfd_user` (
  `id` bigint(20) unsigned NOT NULL AUTO_INCREMENT COMMENT '自增主键',
  `app_id` bigint(20) unsigned NOT NULL COMMENT 'app_id',
  `user_id` bigint(20) unsigned NOT NULL COMMENT '用户id',
  `nickname` varchar(20) COLLATE utf8mb4_bin NOT NULL COMMENT '昵称',
  `sex` tinyint(4) NOT NULL COMMENT '性别，0:未知；1:男；2:女',
  `avatar_url` varchar(50) COLLATE utf8mb4_bin NOT NULL COMMENT '用户头像链接',
  `extra` varchar(1024) COLLATE utf8mb4_bin NOT NULL COMMENT '附加属性',
  `create_time` datetime NOT NULL DEFAULT CURRENT_TIMESTAMP COMMENT '创建时间',
  `update_time` datetime NOT NULL DEFAULT CURRENT_TIMESTAMP ON UPDATE CURRENT_TIMESTAMP COMMENT '更新时间',
  `account` varchar(11) COLLATE utf8mb4_bin NOT NULL DEFAULT '0' COMMENT 'Hash索引只能使用=或<=>(NULL比较符号),不能使用范围查询',
  `password` varchar(200) COLLATE utf8mb4_bin NOT NULL DEFAULT '0',
  `visible` tinyint(1) DEFAULT '0',
  PRIMARY KEY (`id`),
  UNIQUE KEY `uk_app_id_user_id` (`app_id`,`user_id`),
  UNIQUE KEY `account` (`account`) USING HASH
) ENGINE=InnoDB DEFAULT CHARSET=utf8mb4 COLLATE=utf8mb4_bin COMMENT='用户';

LOCK TABLES `kfd_user` WRITE;
/*!40000 ALTER TABLE `kfd_user` DISABLE KEYS */;

INSERT INTO `kfd_user` (`id`, `app_id`, `user_id`, `nickname`, `sex`, `avatar_url`, `extra`, `create_time`, `update_time`, `account`, `password`, `visible`)
VALUES
	(29,1,2361,X'E698B5E7A7B0',1,X'2F23',X'23','2020-04-04 18:24:58','2020-04-04 18:24:58',X'3133303030303030303030',X'6432366238323335616632366432623362323164363534636435363461666566',0),
	(30,1,2362,X'706F656D62726F',1,X'68747470733A2F2F77782E716C6F676F2E636E2F6D6D6F70656E2F76695F33322F475058437A564272696358755461483348',X'23','2020-04-04 18:33:53','2020-04-04 18:33:53',X'',X'',0),
	(31,1,2561,X'E698B5E7A7B0',1,X'2F23',X'23','2020-06-03 16:16:12','2020-06-03 16:16:12',X'3133323030303030303031',X'6633623639383065643031353562653032613435383835613333343966616562',0),
	(33,1,2802,X'E698B5E7A7B0',1,X'2F23',X'23','2020-06-04 15:34:40','2020-06-04 15:34:40',X'3133323030303030303032',X'3735646130656266653762366233353730386434346263333765653432373061',0);

/*!40000 ALTER TABLE `kfd_user` ENABLE KEYS */;
UNLOCK TABLES;


# Dump of table kfd_user_third
# ------------------------------------------------------------

DROP TABLE IF EXISTS `kfd_user_third`;

CREATE TABLE `kfd_user_third` (
  `user_id` bigint(11) unsigned NOT NULL DEFAULT '0' COMMENT '用户UID',
  `typeid` tinyint(1) NOT NULL DEFAULT '1' COMMENT '第三方类型 1-Facebook',
  `openid` varchar(40) NOT NULL DEFAULT '' COMMENT 'openid',
  PRIMARY KEY (`user_id`,`typeid`),
  KEY `openid` (`openid`)
) ENGINE=InnoDB DEFAULT CHARSET=utf8 COMMENT='第三方登陆表';

LOCK TABLES `kfd_user_third` WRITE;
/*!40000 ALTER TABLE `kfd_user_third` DISABLE KEYS */;

INSERT INTO `kfd_user_third` (`user_id`, `typeid`, `openid`)
VALUES
	(2362,1,'o6d0s5CSClLxMfnTpYrX55U3Cdyk');

/*!40000 ALTER TABLE `kfd_user_third` ENABLE KEYS */;
UNLOCK TABLES;



/*!40111 SET SQL_NOTES=@OLD_SQL_NOTES */;
/*!40101 SET SQL_MODE=@OLD_SQL_MODE */;
/*!40014 SET FOREIGN_KEY_CHECKS=@OLD_FOREIGN_KEY_CHECKS */;
/*!40101 SET CHARACTER_SET_CLIENT=@OLD_CHARACTER_SET_CLIENT */;
/*!40101 SET CHARACTER_SET_RESULTS=@OLD_CHARACTER_SET_RESULTS */;
/*!40101 SET COLLATION_CONNECTION=@OLD_COLLATION_CONNECTION */;
